2CG,2CG1
4T6,42T6,40T6
22R0,22R0
2K5,22K5
4V4,42V4,40V4
CG1,2CG1,4CG1
2U2,28U2,22U2,20U2,42U2
22KX,22KX
22U1,22U1
42V0,42V0
L5G3,L5G3
4C1,4CG1
25R1,25R1
2V2,22V2,20V2,42V2
45GB,45GB
450,4560,4350,4650,4750,4050,4250,45G0,4500,4505,4510,45R0,4530,45H0
4V0,42V0,40V0
5G3,45G3,L5G3
4P0,49P0,40P0,42P0,48P0
42G1,42G1
2KX,22KX
22G1,22G1
22P3,22P3
210,2210,2410,2101,2102,2103,2104,2160,2130,2150,2010,4210
42P8,42P8
4P9,42P9
426,4326,4026,4126,4226,42B6,42H6,4261,4262,4263,4264,4265,4266,4267,42T6,42U6,42P6,4426,4260
42P0,42P0
22P2,22P2
LR2,L5R2,L2R2
L2R0,L2R0
216,2160,2161,2162,2163,2164,2165,2166,2167,2216
2G3,22G3,24G3,26G3,20G3,42G3,L2G3
421,42G1,4201,42B1,42P1,4261,42R1,4231,42H1,42T1,4271,42U1,4251,4210,4211,4215
LG3,L5G3,L2G3
42U2,42U2
4U3,42U3,40U3
217,2167,2017,2117,2217
42G4,42G4
LR3,L5R3,L2R3
2P5,22P5,20P5,42P5
2G4,42G4
25G0,25G0
453,4053,4253,45G3,45R3,4530,4531,4532,4533,4534,45P3
22U4,22U4
22T7,22T7
227,22P7,2267,22T7,2270,2271,2272,2273,2274,2275,2276,2277,2278,2279,2217
42T6,42T6
4V2,42V2,40V2
L2G1,L2G1
22T5,22T5
2P0,29P0,20P0,22P0,42P0
223,22B3,22G3,22V3,2213,22P3,2263,22R3,2230,2231,2232,2234,22T3,2273,22U3,2203,2253
L52,L5G2,L5R2,L5H2
422,42G2,4202,4225,4226,42P2,4262,42R2,4224,4232,42H2,42T2,42U2,4252,42V2
4T8,42T8,40T8
22P5,22P5
4T5,42T5,40T5
L51,L5G1,L5R1,L5H1
L2P,L2GP
2212,2212
4U6,42U6,45U6
LR0,L2R0,L5R0
428,4280,42P8,42T8
L53,L5G3,L5R3
L2G3,L2G3
2R1,25R1,22R1,24R1,20R1,42R1,L2R1
42T5,42T5
2211,2211
454,45G4,4514,4534
250,2500,25G0,2650,2750,2050,2150,2250,4250
2V0,22V0,20V0,42V0
42G,42GB,42TG,42G0,42G1,42G2,42G3,42GP,42G4
224,22B4,2204,2224,22P4,2264,2240,2242,2234,22T4,2274,22U4,22V4,4224
42T,42TG,42RT,42T0,42T1,42T2,42T3,42T4,42T5,42T6,42T7,42T8,42T9,42TD,42TN,42UT
2R0,24R0,20R0,22R0,42R0,L2R0
2CG1,2CG1
22T4,22T4
42GB,42GB
LG1,LEG1,L5G1,L2G1
L5R,L5R1,L5R2,L5R3,L5RE,L5RS,L5HR,L5R0,L5RT
427,42K7,4267,42T7,4270,4271
2T5,22T5,20T5,42T5
22U2,22U2
42V,42V0,42V2,42V4,42VH
22R9,22R9
45R2,45R2
22RB,22RB
25G,25G1,25G0,25GP
2213,2213
259,2259
22P4,22P4
2K7,42K7
22G3,22G3
425,4325,4025,4225,42B5,42H5,42P5,4265,42T5,42U5,4250,4251,4252,4253,4215
22B,22RB,22GB,22B0,22B1,22B3,22B4,22B5,22B6,22BK,22BU
42U5,42U5
L55,L5H5
510,4510,9510
22K2,22K2
45P,45GP,45UP,45P3,45P8,45PC
22T3,22T3
L20,L2G0,L2H0,L2R0
LG0,L2G0,L5G0
4210,4210
45G4,45G4
L25,L2H5
22P,22GP,22P1,22P2,22P4,22P5,22P7,22P8,22P9,22PL,22PS,22PF,22PC,22P3,22UP,22P0
5U1,45U1
412,4312,4102,4126,4162,4132
2R9,22R9,42R9
42G3,42G3
4G0,24G0,42G0,44G0,4CG0,40G0,45G0
25P,25GP
4R1,24R1,42R1,44R1,40R1,45R1
4CG0,4CG0
42T8,42T8
416,4126,4161,4162,4163,4164,4165,4166,4167
4T2,42T2,40T2
4T1,42T1,40T1
L2R3,L2R3
22U3,22U3
42T1,42T1
42T0,42T0
5P8,45P8
42R1,42R1
42B,42GB,42B0,42B1,42B3,42B4,42B5,42B6,42BK,42BU
22K8,22K8
L22,L2G2,L2H2,L2R2
4K7,42K7
5G9,L5G9
42U0,42U0
L5P,L5GP
L5T,L5RT
42V2,42V2
45G,45GB,45G0,45G1,45G2,45G3,45G4,45GP
4T7,42T7,40T7
L5G2,L5G2
22K,22K2,22K5,22K8,22KX,22BK
42G2,42G2
2U5,22U5,20U5,42U5
5P3,45P3
42U,42BU,42U1,42U2,42U3,42U4,42U5,42U6,42U0,42UT,42UP
22U5,22U5
228,22K8,2280,2281,22P8,22T8,2278
42U4,42U4
L29,L2G9
2T7,22T7,20T7,42T7
42R9,42R9
4G2,24G2,42G2,44G2,40G2,45G2
L21,L2G1,L2H1,L2R1
2RB,22RB
420,42G0,4020,4200,4201,4202,4203,4204,4280,42B0,4320,4230,4240,42R0,42T0,4270,4250,42U0,42V0,4210,4420,4260,42P0
5U6,45U6
2G9,L2G9
42P6,42P6
451,45U1,4651,4561,4351,4751,4051,4251,4551,45G1,4510,4511,4514,45R1,4531,45H1
2T6,22T6,20T6,42T6
45P8,45P8
2P3,22P3,20P3,42P3
459,4595,4599,45R9
22U0,22U0
4514,4514
42V4,42V4
455,4595,45H5,4551,4505
2U0,20U0,22U0,42U0
LG2,L5G2,L2G2
213,2103,2213,2163,2130,2131,2132,2013,2113
22P0,22P0
22R,22RB,22HR,22R1,22R2,22R3,22R9,22RC,22RE,22RS,22R0,22RT
4R2,24R2,42R2,44R2,40R2,45R2
225,22K5,22B5,2025,2125,2205,2225,22H5,22P5,2265,22T5,2275,22U5,2250,2251,2252,2253,2259,2215,4225
22V2,22V2
5G4,45G4
22GB,22GB
253,2053,2253,4253
4G1,24G1,42G1,44G1,40G1,4CG1,45G1
4U1,45U1,42U1,40U1
4P8,42P8,45P8
4R9,42R9,45R9
45R9,45R9
L5G,L5G1,L5G2,L5G3,L5G9,L5G0,L5GP
22R2,22R2
L50,L5G0,L5H0,L5R0
L5R3,L5R3
4211,4211
4510,4510
45G2,45G2
413,4313,4103,4163,4130,4131,4132
42P1,42P1
4P2,42P2,40P2
4P5,42P5,48P5,40P5,49P5
2T3,22T3,20T3,42T3
4T4,42T4,40T4
LR1,L5R1,L2R1
42P5,42P5
L5G0,L5G0
L2T,L2RT
214,2104,2164
514,4514
2T1,22T1,20T1,42T1
2G0,22G0,24G0,25G0,26G0,28G0,32G0,12G0,20G0,42G0,M2G0,P2G0,L2G0
2P6,42P6
L5G1,L5G1
4R3,24R3,42R3,44R3,40R3,45R3
22R3,22R3
L2G,L2G0,L2G1,L2G2,L2G3,L2G9,L2GP
4U4,42U4,40U4
411,4311,4101,4161,4131,4011,4211,4511
42R,42HR,42R1,42R2,42R3,42R9,42RC,42RE,42RS,42R0,42RT
2U4,22U4,20U4,42U4
4T9,42T9,40T9
42G0,42G0
2210,2210
2P7,22P7
L5R0,L5R0
2U6,22U6,42U6
4CG1,4CG1
22T0,22T0
42P2,42P2
22T8,22T8
45U6,45U6
45U1,45U1
4P1,42P1,48P1,40P1,49P1
45R3,45R3
2V3,22V3
25G1,25G1
22T1,22T1
5G0,25G0,45G0,L5G0
L5R2,L5R2
456,45H6,4560,4561,45U6
4U5,42U5,40U5
2216,2216
L2G0,L2G0
L59,L5G9
2T0,22T0,20T0,42T0
251,25G1,25R1,2651,2851,2051,2251,4251
4CP,4CGP
42R2,42R2
4GB,42GB,45GB
22T6,22T6
4U0,48U0,40U0,42U0
4511,4511
42T4,42T4
L5R1,L5R1
4P4,42P4,40P4
25R,25R1
4G3,24G3,42G3,44G3,40G3,45G3
2T9,22T9,20T9,42T9
45R,45R0,45R1,45R2,45R3,45R9,45RC,45RE,45RS,45RT,45HR
511,4511
4P6,42P6
458,45P8
5R9,45R9
415,4315,4165,4015,4215
4U2,42U2,40U2
45P3,45P3
42T2,42T2
42P4,42P4
2P4,22P4,20P4,42P4
22T2,22T2
4G4,42G4,45G4
4T3,42T3,40T3
22T,22RT,22T0,22T1,22T2,22T3,22T4,22T5,22T6,22T7,22T8,22T9,22TD,22TG,22TN,22UT
222,22K2,22G2,2202,2225,2212,22H2,2220,2224,22P2,2262,22R2,2232,2242,22T2,2272,22U2,2252,22V2
221,22S1,221G,2210,22B1,2281,22G1,2201,2213,2212,22H1,22P1,2261,22R1,2231,22T1,2271,22U1,2251,2211,2215,2216,2217
22R1,22R1
L5G9,L5G9
L23,L2G3,L2R3
2T8,22T8,20T8,42T8
417,4167,4170
22P8,22P8
2P9,22P9,42P9
45T,45RT
22P7,22P7
L26,L2H6
L2G9,L2G9
5R1,25R1,45R1,L5R1
45B,45GB
252,2052,2252,4252
42U6,42U6
5R0,45R0,L5R0
229,2299,22P9,22R9,22T9,2279,2259
215,2125,2165,2150,2015,2215,4215
4P3,42P3,48P3,40P3,49P3,45P3
4C0,4CG0
45G3,45G3
2P2,22P2,20P2,42P2
4T0,42T0,40T0
42K,42K7,42KW,42BK
2P1,22P1,29P1,20P1,42P1
220,2210,22B0,2280,22G0,2200,2201,2202,2204,2205,22H0,2220,2260,2230,2240,22R0,22T0,2270,2203,2250,22U0,22V0,22P0
5R3,45R3,L5R3
429,42P9,42R9,42T9
45R1,45R1
452,4052,4252,45G2,45R2,4532,45H2
42U1,42U1
2P8,22P8,42P8
45G0,45G0
42T7,42T7
2T4,22T4,20T4,42T4
22P1,22P1
5GB,45GB
2G1,2CG1,25G1,2EG1,22G1,24G1,26G1,B2G1,20G1,42G1,L2G1
22G,22GB,221G,22G0,22G1,22G2,22G3,22GP,22TG
2R3,22R3,24R3,20R3,42R3,L2R3
L2G2,L2G2
5R2,45R2,L5R2
410,2410,4310,4101,4102,4103,4104,4130,4170,4010,4210,4410,4510
45G1,45G1
5G2,45G2,L5G2
4215,4215
4CG,4CG0,4CGP,4CG1
42R0,42R0
2K2,22K2
424,4204,42B4,42G4,42P4,4264,4224,4240,4243,42T4,42U4,42V4
2V4,22V4,20V4,42V4
2217,2217
22T9,22T9
2U3,22U3,20U3,42U3
226,22B6,22H6,2260,2261,2262,2265,2266,2267,2263,2264,22T6,2276,22U6,2216,4226
2C1,2CG1
L2R,L2HR,L2R0,L2R1,L2R2,L2R3,L2RE,L2RS,L2RT
2215,2215
42R3,42R3
22V0,22V0
45R0,45R0
2GB,42GB,22GB
212,2102,2125,2212,2162,2132
22V4,22V4
211,2101,2161,2131,2011,2113,2117,2211,4211
42T9,42T9
42P9,42P9
45U,45U1,45U6,45UP
22X,22KX
22V,22V3,22V0,22V2,22V4,22VH
423,42G3,4203,42B3,4263,42P3,42R3,4230,4231,4232,4243,42T3,42U3,4253
22G0,22G0
2R2,22R2,24R2,20R2,42R2,L2R2
22U,22BU,22U1,22U2,22U3,22U4,22U5,22U6,22U0,22UT,22UP
L56,L5H6
5G1,25G1,45G1,L5G1
4R0,24R0,44R0,40R0,42R0,45R0
LG9,L5G9,L0G9,L2G9
42P3,42P3
414,4104,4164,4514
22K5,22K5
2G2,22G2,24G2,26G2,20G2,42G2,L2G2
2K8,22K8
42U3,42U3
CG0,4CG0
L2R1,L2R1
2U1,28U1,22U1,20U1,42U1
L2R2,L2R2
22G2,22G2
42K7,42K7
22P9,22P9
42P,42GP,42P1,42P2,42P4,42P5,42P8,42P9,42PL,42PS,42PC,42PF,42P3,42P6,42UP,42P0
2T2,22T2,20T2,42T2
22V3,22V3
42T3,42T3
22U6,22U6
